<?xml version="1.0" encoding="ISO-8859-1" ?>
<?xml-stylesheet type="text/xsl" href="drcss.xsl"?>
<drcreport>
  <header>zjh_CE0</header>
  <drc>
    <status>C:\Microsemi\Libero_SoC_v11.9\Designer/data/drcreport\error.png</status>
    <StatusMessage>Error</StatusMessage>
    <message>No Top Level Ports</message>
    <detail>You must create at least one port for a valid design</detail>
    <crossprobe>liberoaction://cross_probe/smartdesign/zjh_CE0/instances/zjh_CE0</crossprobe>
  </drc>
  <drc>
    <status>C:\Microsemi\Libero_SoC_v11.9\Designer/data/drcreport\error.png</status>
    <StatusMessage>Error</StatusMessage>
    <message>Unused Instance</message>
    <detail>AND3_0 output pins are not being used.  Connect or mark them unused</detail>
    <crossprobe>liberoaction://cross_probe/smartdesign/zjh_CE0/instances/AND3_0</crossprobe>
  </drc>
  <drc>
    <status>C:\Microsemi\Libero_SoC_v11.9\Designer/data/drcreport\error.png</status>
    <StatusMessage>Error</StatusMessage>
    <message>Undriven Pin</message>
    <detail>Unconnected input pin AND3_0:A</detail>
    <crossprobe>liberoaction://cross_probe/smartdesign/zjh_CE0/pins/AND3_0:A</crossprobe>
  </drc>
  <drc>
    <status>C:\Microsemi\Libero_SoC_v11.9\Designer/data/drcreport\error.png</status>
    <StatusMessage>Error</StatusMessage>
    <message>Undriven Pin</message>
    <detail>Unconnected input pin AND3_0:B</detail>
    <crossprobe>liberoaction://cross_probe/smartdesign/zjh_CE0/pins/AND3_0:B</crossprobe>
  </drc>
  <drc>
    <status>C:\Microsemi\Libero_SoC_v11.9\Designer/data/drcreport\error.png</status>
    <StatusMessage>Error</StatusMessage>
    <message>Undriven Pin</message>
    <detail>Unconnected input pin AND3_0:C</detail>
    <crossprobe>liberoaction://cross_probe/smartdesign/zjh_CE0/pins/AND3_0:C</crossprobe>
  </drc>
  <drc>
    <status>C:\Microsemi\Libero_SoC_v11.9\Designer/data/drcreport\warn.png</status>
    <StatusMessage>Warning</StatusMessage>
    <message>Floating Driver</message>
    <detail>Floating output pin AND3_0:Y</detail>
    <crossprobe>liberoaction://cross_probe/smartdesign/zjh_CE0/pins/AND3_0:Y</crossprobe>
  </drc>
  <drc>
    <status>C:\Microsemi\Libero_SoC_v11.9\Designer/data/drcreport\error.png</status>
    <StatusMessage>Error</StatusMessage>
    <message>Unused Instance</message>
    <detail>INV_0 output pins are not being used.  Connect or mark them unused</detail>
    <crossprobe>liberoaction://cross_probe/smartdesign/zjh_CE0/instances/INV_0</crossprobe>
  </drc>
  <drc>
    <status>C:\Microsemi\Libero_SoC_v11.9\Designer/data/drcreport\error.png</status>
    <StatusMessage>Error</StatusMessage>
    <message>Undriven Pin</message>
    <detail>Unconnected input pin INV_0:A</detail>
    <crossprobe>liberoaction://cross_probe/smartdesign/zjh_CE0/pins/INV_0:A</crossprobe>
  </drc>
  <drc>
    <status>C:\Microsemi\Libero_SoC_v11.9\Designer/data/drcreport\warn.png</status>
    <StatusMessage>Warning</StatusMessage>
    <message>Floating Driver</message>
    <detail>Floating output pin INV_0:Y</detail>
    <crossprobe>liberoaction://cross_probe/smartdesign/zjh_CE0/pins/INV_0:Y</crossprobe>
  </drc>
  <drc>
    <status>C:\Microsemi\Libero_SoC_v11.9\Designer/data/drcreport\error.png</status>
    <StatusMessage>Error</StatusMessage>
    <message>Unused Instance</message>
    <detail>zjh_74HC161_0 output pins are not being used.  Connect or mark them unused</detail>
    <crossprobe>liberoaction://cross_probe/smartdesign/zjh_CE0/instances/zjh_74HC161_0</crossprobe>
  </drc>
  <drc>
    <status>C:\Microsemi\Libero_SoC_v11.9\Designer/data/drcreport\error.png</status>
    <StatusMessage>Error</StatusMessage>
    <message>Undriven Pin</message>
    <detail>Unconnected input pin zjh_74HC161_0:MR</detail>
    <crossprobe>liberoaction://cross_probe/smartdesign/zjh_CE0/pins/zjh_74HC161_0:MR</crossprobe>
  </drc>
  <drc>
    <status>C:\Microsemi\Libero_SoC_v11.9\Designer/data/drcreport\error.png</status>
    <StatusMessage>Error</StatusMessage>
    <message>Undriven Pin</message>
    <detail>Unconnected input pin zjh_74HC161_0:Clk</detail>
    <crossprobe>liberoaction://cross_probe/smartdesign/zjh_CE0/pins/zjh_74HC161_0:Clk</crossprobe>
  </drc>
  <drc>
    <status>C:\Microsemi\Libero_SoC_v11.9\Designer/data/drcreport\error.png</status>
    <StatusMessage>Error</StatusMessage>
    <message>Undriven Pin</message>
    <detail>Unconnected input pin zjh_74HC161_0:Cep</detail>
    <crossprobe>liberoaction://cross_probe/smartdesign/zjh_CE0/pins/zjh_74HC161_0:Cep</crossprobe>
  </drc>
  <drc>
    <status>C:\Microsemi\Libero_SoC_v11.9\Designer/data/drcreport\error.png</status>
    <StatusMessage>Error</StatusMessage>
    <message>Undriven Pin</message>
    <detail>Unconnected input pin zjh_74HC161_0:Cet</detail>
    <crossprobe>liberoaction://cross_probe/smartdesign/zjh_CE0/pins/zjh_74HC161_0:Cet</crossprobe>
  </drc>
  <drc>
    <status>C:\Microsemi\Libero_SoC_v11.9\Designer/data/drcreport\error.png</status>
    <StatusMessage>Error</StatusMessage>
    <message>Undriven Pin</message>
    <detail>Unconnected input pin zjh_74HC161_0:PE</detail>
    <crossprobe>liberoaction://cross_probe/smartdesign/zjh_CE0/pins/zjh_74HC161_0:PE</crossprobe>
  </drc>
  <drc>
    <status>C:\Microsemi\Libero_SoC_v11.9\Designer/data/drcreport\error.png</status>
    <StatusMessage>Error</StatusMessage>
    <message>Undriven Pin</message>
    <detail>Unconnected input pin zjh_74HC161_0:D[3:0]</detail>
    <crossprobe>liberoaction://cross_probe/smartdesign/zjh_CE0/pins/zjh_74HC161_0:D</crossprobe>
  </drc>
  <drc>
    <status>C:\Microsemi\Libero_SoC_v11.9\Designer/data/drcreport\warn.png</status>
    <StatusMessage>Warning</StatusMessage>
    <message>Floating Driver</message>
    <detail>Floating output bus pin zjh_74HC161_0:Q[3:0]</detail>
    <crossprobe>liberoaction://cross_probe/smartdesign/zjh_CE0/pins/zjh_74HC161_0:Q</crossprobe>
  </drc>
  <drc>
    <status>C:\Microsemi\Libero_SoC_v11.9\Designer/data/drcreport\warn.png</status>
    <StatusMessage>Warning</StatusMessage>
    <message>Floating Driver</message>
    <detail>Floating output pin zjh_74HC161_0:TC</detail>
    <crossprobe>liberoaction://cross_probe/smartdesign/zjh_CE0/pins/zjh_74HC161_0:TC</crossprobe>
  </drc>
</drcreport>
