<?xml version="1.0" encoding="ISO-8859-1" ?>
<?xml-stylesheet type="text/xsl" href="drcss.xsl"?>
<drcreport>
  <header>zjh_CE2</header>
  <drc>
    <status>C:\Microsemi\Libero_SoC_v11.9\Designer/data/drcreport\warn.png</status>
    <StatusMessage>Warning</StatusMessage>
    <message>Floating Driver</message>
    <detail>Floating output pin zjh_74HC161_0:TC</detail>
    <crossprobe>liberoaction://cross_probe/smartdesign/zjh_CE2/pins/zjh_74HC161_0:TC</crossprobe>
  </drc>
</drcreport>
