<?xml version="1.0" encoding="ISO-8859-1" ?>
<?xml-stylesheet type="text/xsl" href="drcss.xsl"?>
<drcreport>
  <header>zjh_CE4</header>
  <drc>
    <status>C:\Microsemi\Libero_SoC_v11.9\Designer/data/drcreport\error.png</status>
    <StatusMessage>Error</StatusMessage>
    <message>Unused Instance</message>
    <detail>CP0_0 output pins are not being used.  Connect or mark them unused</detail>
    <crossprobe>liberoaction://cross_probe/smartdesign/zjh_CE4/instances/CP0_0</crossprobe>
  </drc>
  <drc>
    <status>C:\Microsemi\Libero_SoC_v11.9\Designer/data/drcreport\warn.png</status>
    <StatusMessage>Warning</StatusMessage>
    <message>Floating Driver</message>
    <detail>Floating output pin CP0_0:ALB</detail>
    <crossprobe>liberoaction://cross_probe/smartdesign/zjh_CE4/pins/CP0_0:ALB</crossprobe>
  </drc>
  <drc>
    <status>C:\Microsemi\Libero_SoC_v11.9\Designer/data/drcreport\error.png</status>
    <StatusMessage>Error</StatusMessage>
    <message>Unused Instance</message>
    <detail>CP1_0 output pins are not being used.  Connect or mark them unused</detail>
    <crossprobe>liberoaction://cross_probe/smartdesign/zjh_CE4/instances/CP1_0</crossprobe>
  </drc>
  <drc>
    <status>C:\Microsemi\Libero_SoC_v11.9\Designer/data/drcreport\warn.png</status>
    <StatusMessage>Warning</StatusMessage>
    <message>Floating Driver</message>
    <detail>Floating output pin CP1_0:AGB</detail>
    <crossprobe>liberoaction://cross_probe/smartdesign/zjh_CE4/pins/CP1_0:AGB</crossprobe>
  </drc>
  <drc>
    <status>C:\Microsemi\Libero_SoC_v11.9\Designer/data/drcreport\error.png</status>
    <StatusMessage>Error</StatusMessage>
    <message>Unused Instance</message>
    <detail>CP2_0 output pins are not being used.  Connect or mark them unused</detail>
    <crossprobe>liberoaction://cross_probe/smartdesign/zjh_CE4/instances/CP2_0</crossprobe>
  </drc>
  <drc>
    <status>C:\Microsemi\Libero_SoC_v11.9\Designer/data/drcreport\warn.png</status>
    <StatusMessage>Warning</StatusMessage>
    <message>Floating Driver</message>
    <detail>Floating output pin CP2_0:AEB</detail>
    <crossprobe>liberoaction://cross_probe/smartdesign/zjh_CE4/pins/CP2_0:AEB</crossprobe>
  </drc>
</drcreport>
